name,description,category,price
PRIKNIK Horn Red Electric Air Horn Compressor Interior Dual Tone Trumpet Loud Compatible with SX4,"Specifications: Color: Red, Material: Aluminium, Voltage: 12V, dB: 130 dB (around), Material: Aluminum Pump Head + Steel Pump Body + ABS Shell and Parts DB output: 130db Voltage: 12v Sound Type: Dual Tone Application: 12V Voltage Vehicles With Battery Above 20A Package included: 1 x Dual Tone Air Horn Compatible With SX4",7537,35985
"ALISHAH Women's Cotton Ankle Length Leggings Combo of 2, Plus 12 Colors_L","AISHAH Women's Lycra Cotton Ankel Leggings. Brand: ALISHAH Length: Ankel Length Leggings. Size Chart Medium: 28 - 30 inch Large: 30 - 32 inch X-Large: 32 - 34 inch 2X-Large: 34 - 38 inch The color fade will not be there in washing. This cotton stretch leggings is designed to provide absolute comfort and body fit. Pair it with short or long kurta for modern look. High on style, fit and finish, this leggings is sure to lend you a sophisticated look. Please wash the dark colors separately in order to improve the product life. Disclaimer: Product color may slightly vary due to photographic lighting sources or your monitor settings. Please order according to your waist size mentioned in size chart",2996,44265
"Delavala Self Adhesive Kitchen Backsplash Wallpaper, Oil Proof Aluminum Foil Kitchen Sticker (Sliver 5(Mtr))","<p><strong>Aluminum Foil Stickers-good kitchen helper for mom and wife.&nbsp;</strong><br><br><strong>Specification: &nbsp;</strong><br><strong>-Materials: high-quality PVC &nbsp;</strong><br><strong>-Size: 2 MT&nbsp;</strong><br><strong>-Color: Silver &nbsp;</strong><br><strong>-Friendly note: Please buy enough rolls at a time to make sure that these wallpaper comes from the same batch to avoid color difference. &nbsp;</strong><br><strong>-This Aluminum Foil Stickers can be used for any dry, clean and smooth surface.&nbsp;</strong><br><br><strong>Features: &nbsp;</strong><br><strong>1.High temperature resistant material is suitable for kitchen, which resists temperatures up to 250 Celsius. It can be used for a long time and will not deform. &nbsp;</strong><br><strong>2.Easily to cut up: A grid line in square on the back, easy for you get the size you need when you cut.&nbsp;</strong><br><br><strong>How to use? &nbsp;</strong><br><strong>1.Before sticking the kitchen oil proof wallpaper, please clean and dry surface with mild soap and water. Make sure that surface is flat and without any carve. &nbsp;</strong><br><strong>2.Just cut out the size you want. &nbsp;</strong><br><strong>3.Use dishcloth or card to remove any air bubbles.&nbsp;</strong><br><br><strong>Package Included: &nbsp;</strong><br><strong>1 × Kitchen Backsplash Wallpaper&nbsp;</strong><br><br><strong>100% SATISFACTION GUARANTEED: &nbsp;</strong><br><strong>We are always available to provide professional customer service before and after your purchase, so don't wait any longer and enjoy it right now.&nbsp;</strong><br><br>&nbsp;</p>",6030,20753
Hexwell Essential oil for Home Fragrance Oil Aroma Diffuser oil Set of 2 Rajnigandha Oil & TeaTree Oil -10ML Each,"Transform your home, workplace or hotel room into your personal aromatherapy oasis! With elegantly designed diffusers and aroma diffuser oils, you can infuse essential oils into any setting and create a spa-like experience anywhere life takes you. 10 bottle each of Lavender, Rose, Tea Tree, Rosemary, Jasmine, Rajnigandha, Eucalyptus, Lemongrass, Orchid & Sandalwood fragrance.",8201,28677
3NH® Glasses Goggles Anti Fog Antis Windproof Anti Dust Resistant,3NH Glasses Goggles Anti Fog Antis Windproof Anti Dust Resistant,10359,11973
SEGOVIA Single Walled Stainless Steel Sports| fridge Water Bottle with SS Cap 1000 ml Bottle (straight+belly with sipper cap / cola+ smart with steel cap pack of 4 pcs),"Segovia bottle consists of stainless steel which provides a robust build for any occasion whether it be hiking, cycling, camping, gym or just to the office. Its special design along with its material is a testament to its durability. The bottle and cap are made from BPA free materials and food grade steel. It's free of toxins and safe for you to use and drink from.Single layer wall stainless steel water bottle,no heat preservation function, be careful when adding hot water.",1273,19194
MASTER OF THE RINGS,MASTER OF THE RINGS,716,27745
"Twisted Swirl Vintage Blue Phone Case Compatible with iPhone 13,Orange Fluid Abstract Design Cover for Men Girl Women,Unique Soft TPU Bumper Case Cover","<b>Welcome to our store. We aim to offer unique and special case for you. </b><br> <b>Compatibility</b><br> Compatible with iPhone 13. <br>This case is durable, sturdy and scratch-resistant, perfect for self use or gifts.<br> <b>Features</b><br> ❤Made of soft resilient TPU material, this case is durable and lightweight, easy to take on and off. <br> ❤Raised camera and screen edges provide best protection for phones from falls, scratches or bumps. <br>Designed with four air cushion corners, it perfectly mitigates pressure from drops o falls.<br> ❤Independent buttons and precise cutouts. <br>This case fits buttons, camera, speakers, and ports perfectly.<br> ❤The print is vivid and clear, making your phone look unique and and aesthetic. <br>We use supreme scratch resistant ink, the pattern will not peel over time.<br> <b>PACKAGE LIST</b><br> Including 1 x Phone Case<br>",12556,7369
JSR CART Incense Cones Rose (Pack of 65 Cones),"PACK OF 65 INCENSE CONES. Best Quality Low Smoke Dhoop Cones By JSR Cart. Dhoop involves the offering of fragnance before the picture of a deity, as a token of respect. It has a pure and clean fragrance It creates such an ambience that your prayer reaches the divine and is completed Natural & Herbal.",1582,1742
Redgem 925 Silver Stud Earrings for Girls and Women Natural Amethyst Purple,"<p>These Stylish Earring for Women and Girls are handcrafted with love and will add a touch of spirituality to your look. It is suitable with all outfits &amp; may be worn at any occasion.</p> <p>Redgem has huge collection of fine jewellery of silver and precious gems for women.</p> <p>◆&nbsp;<strong>Pure Sterling Silver Earring for girls and Women&nbsp;</strong>makes it very simple and attractive.</p> <p>◆ <strong>Design</strong>: A Stylish Pure Sterling Silver Product with beautiful design</p> <p>◆ <strong>Authenticity</strong>: product comes with a S925 Mark which serves as a proof of identity</p> <p>◆&nbsp;<strong>Quality</strong>: Fine of silver with nickel free, lead free alloy which is non- allergic to all skin types.</p> <p>◆&nbsp;<strong>Occasion</strong>: suits to wear in any occasion like daily, party , wedding and festival.</p> <p>◆&nbsp;<strong>Perfect Gift:</strong> Ideal for Valentine, Birthday, Anniversary gift for your loved ones. Excellent gift for festivals celebrations and all precious moments of happiness.</p>",3357,45790
"BaronHong Seamless Underwear Half Length Chest Binder for Tomboy Trans Lesbian(Black,2XL)","Size S upper chest circumference:64-72cm/25.2""-28.35""<br> Size M upper chest circumference:72-82cm/28.35""-32.28""<br> Size L upper chest circumference:82-88cm/32.28""-34.65""<br> Size XL upper chest circumference:88-94cm/34.65""-37.01""<br> Size XXL upper chest circumference:94-98cm/37.01""-38.58""<br>The Model:height 100cm,weight 50KG,his comfortable size is M.<br>BaronHong is a new brand ,aimed to bring you a better life.All tradeworks belongs to BaronHong.",2879,2561
Hot Wheels 2004 First Editions Crooze Wail Tale 77/100 WHITE 077 1:64 Scale,1:64;First Editions0,976,11340
Antique Home Decor Wooden Hand Painted and Handmade Hanging Wind Chimes Pieces (Multicolour) Handcrafted Decorative Wall/Door/Window Hanging Bells (Bell) Peacock,Antique traditional handmade peacock wall decor Handmade Rajasthani bell wall hanging with bells for Bell shaped Wind chime for your house or office decor and positive atmosphere. Wind chimes sound creates peace and is a Feng Sui. Its a peacock wall decoration items makes home beautiful and sounds like a wind chime that contains handmade & hand painted elephants hanging in strings with golden bells that makes beautiful and smooth sound. The product will be exactly the same as show in the picture.,5565,35439
GEOSHADOW FMB120 High-end Small Light Weight GPS Tracking Device Anti Theft Waterproof Real time Live Location Vehicle Tracker for Taxi Car Bus Truck Travels Automobile,"<p>FMB120 small and professional tracker with internal high gain GSM and GNSS antennas, which is able to collect device coordinates and other useful data and transfer them via GSM network to server.&nbsp;</p><p>This device is perfectly suitable for applications where location acquirement of remote objects is needed: fleet management, car rental companies, taxi companies, public transport, logistics companies, personal cars and so on. FMB120 can perform tasks on remote objects, such as monitoring engine status, controlling truck’s door etc.</p><p><strong>Features:</strong></p><ul><li>Support New generation GSM/GNSS module</li><li>Cost Effective Small Light weight GPS Device</li><li>Dual SIM and Bluetooth Connectivity</li><li>Various Vehicle CAN Adapters</li><li>FMB Immobilizer</li><li>SOS, Geo-Fence, Vibration, Movement alarms and notification</li></ul><p><strong>Specifications:</strong></p><ul><li>GPS Chipset: MTK high Sensitivity Chip</li><li>Model: FMB120</li><li>Location Accuracy: &lt;10 Meters</li><li>Voltage Input: 10-30V DC</li><li>Backup Battery: 170mAh</li><li>Tracking sensitivity: -165dBm</li><li>Acquisition sensitivity: -144dBm</li></ul><p><strong>Applications:</strong></p><ul><li>Fleet management</li><li>Car Rental, Taxis, Travel Bus.</li><li>Public transport</li><li>Logistics companies</li><li>Personal cars</li></ul><p><strong>Package Included:</strong></p><ul><li>1 GeoShadow FMB120 GPS Tracker</li><li>1 Extension Wire</li><li>1 Relay Wire</li><li>1 Instruction Note</li></ul>",2136,49934
Women's A Line Open Back Satin Prom Dress Long Formal Party Skirts Deep V Neck Ball Gown Hot Pink Size 6,"<strong>About YinanLi Dress</strong>:<br />We provide different style of Bridesmaid Dresses, Bridal gowns, Prom Gowns, Cocktail Dresses, Evening Dresses, Party Dresses, Homecoming Dresses, and Celebrity Dresses.<br /><br /><strong></strong> <strong>Prom Dress Details:</strong><br />Material: Satin<br />Neckline: V-Neck<br />Sleeve: Sleeveless<br />Back: Open Back<br />Closure: Back Zipper<br />Length: Long/Floor Length<br />Occasion: This elegant satin prom dress is suit for wedding party, bridesmaid, prom, evening, homecoming, wedding, birthday party, dance party, graduation, celebrity, red carpet and other formal or special occasions. <strong><strong></strong></strong><br /><br /><strong></strong><strong>Custom Size:</strong><br />We could make custom size and color freely, if you want please email to us when you place the order.<br />1. Bust:<br />2. Waist:<br />3. Hips:<br />4. Height: from head to toe (barefoot)<br /><br />1. Originally Designed: All dresses are designed by the most qualified designers, and the most experienced tailors carry out strict quality inspections in our own factories. Every needle and every thread reflects our passion for service and attention to detail. You will get the most exquisite design<br /><br />2. Could this work as a maternity dress? Since satin fabrics are not elastic, only some imperial waist skirts are suitable for pregnant women. We strongly recommend that you customize the dress, select &quot;custom&quot; in the size area, fill in your size, so we will customize this beautiful prom dress for you.",2986,5861
"LILLUSORY Women's Turtleneck Oversized Sweaters 2022 Fall Long Batwing Sleeve Spilt Hem Tunic Pullover Sweater Knit Tops, Dark Apricot, X-Small",Turtleneck Pullover Sweater,2992,7176
Paperblanks 2021 Midnight Steel Midi 12-Month,"Capturing the flavour of finely wrought Renaissance-style leather bindings, Paperblanks Midnight Steel 2021 12-Month Diary pays homage to the craft of delicate gold tooling, originally introduced to Europe via the flourishing trade routes to the East. The timeless beauty of an antique leather binding is brought into the present on the cover of this deep blue book.",5091,46043
"Stunned Trendy, Latest, Classy Attractive Look Printed Mobile Back Case Cover for Vivo Y73 (Heart Lock)","Comfortable and light weight for daily use. Attractive, unique designs. Allows easy access to all buttons, controls and ports of your Phone. The back designs are totally customized designs, these designs on the cases are manufactured by Cleok Associate after you place the order. Protects your Phone from scratches and damage. This case covers full back side of your Phone and need not to replace the original back cover. High Quality finish case.Easy to install and remove.",2201,30354
"Pooplu Womens Plain V Neck Half Sleeves Pack of 3 Combo Cotton Pink, Yellow, DarkPink T Shirt. Stylish, Casual Tshirts (_L)",Pooplu Womens Cotton Plain Combo Pack of 3 MultiColour T shirt With 180 GSM Pure Cotton Regular Fit Tshirt,3079,6489
"Amscan 354001.54 Jumbo Margarita Glass, 30 oz, Caribbean Blue",Serve cool drinks in our 30 oz Jumbo Plastic Margarita Glass Caribbean Blue! Features a Caribbean Blue plastic jumbo margarita glass. Holds 32 oz of your choice of liquid. Includes 1 margarita glass per package.,1419,5626
adidas Men's Predator 18+ FG Firm Ground Soccer Cleats,adidas Predator 18+ FG- Black 7.5,2788,32853
"Oswal Multi Berry (300 gm) Wool Hank Hand Knitting Wool/Art Craft Soft Fingering Crochet Hook Yarn, Needle Knitting Yarn Thread dye T","<p>✔ This wool for knitting is good as a crochet yarn wool and can be crafted as jumpers, sweaters, etc.<br></p><p> ✔ Knitting yarn baby wool is made of 100% acrylic. This high-quality knitting wool yarn set can be used for a variety of craft projects, hand crocheting, baby blankets, hats, booties, wool socks, kit and other baby and kids items.&nbsp;<br></p><p>✔&nbsp;This wool for knitting is good as a crochet yarn wool and can be crafted as jumpers, sweaters, etc.</p><p>✔&nbsp;Branded wool knitting provides satisfaction and quality of knitting experience.<br></p><p>✔&nbsp;This variety of wool contains many colors like Black, Violet, Blue, White, Red, Green, multi,&nbsp; etc.<br></p><p>✔&nbsp;This crochet wool is a Gauge 3 wool, it's not a chunky thick wool. It's a very soft thread yarn comes in many colors. Can be hand washet and delicat machine wash at 40° C.<br></p><p>✔&nbsp;Similar types of wools are - Vardhman rosemary wool, Vardhman microshine wool, oswal wool thread yarn for knitting.<br></p><p>✔ Note - This is not a yarn thick chunky wool. Not a thick wool for knitting. It's a needle, crochet yarn acrylic avaliable in gm and kg.<br></p>",11192,39680
PosterHub Pink Floyd The Wall Poster Matte Finish Paper Print 12 x18 Inch (Multicolor) HS - P076,"This is a 12 x 18 Inch Size Poster Print, printed on high quality matte finish poster paper. No cheap paper used. Quality is Guaranteed.",1557,41496
Come and Take It Black Flag Embroidered Patch Iron-On Gonzales Texas Revolution,Come and Take It Black Flag Embroidered Patch Iron-On Gonzales Texas Revolution,11395,48006
Printed Vinyl Mobile Wrap Compatible with OnePlus 9R Skin Sticker Protector for Back Only - Blue Gold Marble-10 (with Matte Lamination),"<p><strong>Do You Want Your Device To Look Different Than The Rest?</strong></p> <p>You&rsquo;re in the right place because we&rsquo;ve got exactly what you are looking for! This Skin is the perfect way to show off your style! Or with hundreds of other Skins designs, you can be sure to find one that you&rsquo;ll love, and that will show off your unique style!</p> <p><strong>Do You Want To Protect Your Device?</strong></p> <p>With our Skins your Device is protected from scratches, dings, dust, fingertips, and the wear-and-tear of everyday use!</p> <p>Cover your Device with a beautiful, stylish decal skin and keep it protected at the same time!</p> <p>Easy to apply, and easy to remove without any sticky residue!</p> <p>Make your favorite gear look like new, and stand out from the crowd!</p> <p><strong>Order With Confidence</strong></p> <p>Our Skins are durable, reliable, made in our state-of-the-art production facility in the India.</p> <p><strong>Product Details:</strong></p> <ul> <li>&nbsp;Vinyl decal sticker</li> <li>&nbsp;NOT A HARD CASE</li> <li>&nbsp;Ultra-Thin, Ultra-Durable, Stain Resistant</li> <li>&nbsp;Hundreds of different designs</li> <li><strong>&nbsp;Device is not included.</strong></li> </ul>",2213,48398
Mad Rock Remora Climbing Shoe - Men's Blue 9.5,"The Remora Climbing Shoe is Mad Rock's do-it-all slipper for climbers who can't have separate shoes for boulders, sport routes, and gyms. With a moderately stiff, slightly downturned design, the Remora performs on any climb at steep to vertical angles. Science Friction rubber edges on jibs with ease, and it encapsulates the forefoot for toe-hooking prowess. The SynFlex upper conforms to your foot without much stretch.",2788,16459
"Real Art. | Wall Hanging Plates | 24K Gold Printed Plates | God Picture Collection | 7""-1 pc with Plastic Stand | Diwali Puja",24K Gold printed Wall hanging Bone china Plates with stand you can use iit anywhere in house its 7 inches single piece plate,12680,13978
"Attiris Women's Satin Semi-Stitched Lehenga Choli (Green, Satin)",This beautifully handcrafted Lehenga by Attiris will make you look simply elegant giving an ethnic vibe. Elegance is the beauty that never fades. This is a superb outfit for every function. Lehenga has 3 meter flair and is semi stitched fits upto 42 inches at waist. The blouse is made of embroidered satin giving you a glamorous look for your perfect evening. Dupatta is made of high quality soft butterfly net and is 2.5 meter long. This Ghagra is generally worn for celebratory occasions like weddings and festivals and also wearable as chaniya choli and lancha. Go for high heels and a gold clutch. All for a bonafide wedding ensemble.,5988,16474
"GLAVON ADS Face & Body Scrub 200 gm with goodness of Natural Apricot Extract & MN BB Cream Rose Extract- Shade C,Dark Ivory [ Saver Pack of 4 Items ]","GLAVON ADS Face & Body Scrub 200 gm with goodness of Natural Apricot Extract , 200 gm Combo of MN BB Cream Rose Extract- Shade C,Dark Ivory - [ Combo of 4 Items ]",348,48841
RADANYA Royal Laptop Skin Cover Vinyl Sticker Protector Case for 15x10 Inches,"Laptop skin is compatible with laptops screen sizes ranging from 14.1 inches to 15.6 inches. Trimning of the skin would be required as per your laptop size. The skins by MSI are easy to install & remove without leaving any gum or residue. <br/> laptop skins enable you and your device a unique look which are cool, trendy & personalized. These skins protect your device from dirt, minor scratches & dullness, increasing its life & re-sale value. Specification: <br/>Dimensions (W x H): 15 inches x 10 inches<br/>Compatibility: Most laptops with screen sizes ranging from 10"" to 15.6"" <br/>Instructions for application:<br/>1. Make sure your laptop is clean. Wipe it off with a soft cloth. The laptop should be free of dust, fat or grease - otherwise the laptop skin may not stick to your laptop as well as it's supposed to.<br/>2. Take the measurement of the applying area<br/>3. Trim the exact size before applying with a blade/scissors<br/>4. Align the laptop skin on your laptop, take care that you put it on straight and in the exact position that you want to place it<br/>5. Remove only one side of the liner from sheet, align to the applying surface and start attaching them slowly<br/>6. Proceed carefully with the use of a clean cloth and/or a plastic card (i.e. ATM card) to assure no air bubbles remain until the liner is removed.",712,13538
MJ Metals Jewelry White Ceramic Piano Keyboard 6mm Band Flat Pipe Cut High Polished Ring Size 12,"This unique White Ceramic ring is laser engraved with a piano keyboard design, crafted from Hi-Tech Ceramic. It looks amazing and is very comfortable to wear. It requires little to keep it clean. With its reasonable price and beauty, it is a great gift. Ideal for use as a wedding ring. All of our Ceramic rings are Hypoallergenic and scratch resistant. Choose from 6mm or 8mm Widths. The piano pattern is continuous around the outside of the ring.",3368,30044
"Oxza Universal Foldable Stand Holder Mount Bracket for Tablet, Cell, Mobile Phone Table Stand Mobile Holder","The complementary design and sturdy build quality are some of the features that separate this universal tablet stand from other brands of tablet holders. Its unique combination of a solid plastic construction, soft silicon pads and a Non-slip rubber surface provides 100% protection, stability and mounting support for your device. The design of the holder helps to prevent your tablet or any other mounted device from getting scratched. This Universal phone stand is not only lightweight and portable but also fully retractable to support multiple mounting options and easy use on-the-go. Multi Angles, Landscape and Portrait Display Modes! This universal mobile phone holder and tablet stand has a very complimentary build resourcefully designed to offer you more for less. Its unique design allows you to conveniently use any mounted device in either portrait or landscape mode, so you can have a convenient viewing experience. Unlike other mounts for tablets and smartphone, this universal iPad stand has a well-balanced design that allows you to comfortably watch movies, read books, and play games on any mounted devices without worries. Its Adjustable angle allows you to use your tablets in landscape or portrait orientation, even if your device is encased. A Multi-Function Stand for all your Smart devices Having a stand that offers you more than one mounting options will come in handy if you have more than one device. With this in mind, we decided to design this mount to offer you just that. Unlike regular cell phone holders, mobile phone stands and tablet holders, this universal tablet display stand adjusts nicely to fit 4”to 12”smartphones, tablets and other smart devices without hassles.",2197,39261
Acm Leather Flip Flap Case Compatible with Realme Pad Mini Tablet Cover Stand Green,"Note - Item Doesnt Have Back Camera Or Speaker Hole And For Its Usage The Tablet Needs To Be Removed From Cover.The Really Smart Cover Makes Tablet Do Things No Other Cover Can. The Smart Cover Doesn't Just Protect Tablet, It Keeps It Ready To Go Whenever You Are.Magnetic Locks To Lock Your Tablet When Not In Use And Hence Making It Totally Safe.You Can Put It Stand Up For Watching Videos Or Lay It Down For Typewriting.Ultra Slim & Lightweight Design.Soft Synthetic Leather Outer Gives Tactile And Aesthetic Appeal And Full Protects Your Latest Tablet Whilst The Leather Interior Adds Strength And Durability To The Case.`",713,11656
Lofbaz Women's Drawstring Harem Solid Bohemian Hippie Rayon Pants Purple M,<p>These pants are adjustable the waist by drawstring makes them incredibly versatile and comfortable. 100% rayon. The material is silky soft and lightweight. Hand wash is recommended.</p><p><strong>Measurement</strong></p><p><strong>Size S (US 0-2)</strong></p><ul><li>Waist circumference: 22.8 - 42.7 inches (58 - 108.4 cm)</li><li>Leg Length: 41.3 inches (105 cm)</li></ul><p><strong>Size M (US 4-6)</strong></p><ul><li>Waist circumference: 25.2 - 46.6 inches (64 - 118.4 cm)</li><li>Leg Length: 41.3 inches (105 cm)</li></ul><p><strong>Size L (US 8-10)</strong></p><ul><li>Waist circumference: 27.6 - 50.7 inches (70 - 128.8 cm)</li><li>Leg Length: 41.3 inches (105 cm)</li></ul><p><strong>Size XL (US 12-14)</strong></p><ul><li>Waist circumference: 29.9 - 54.6 inches (76 - 138.8 cm)</li><li>Leg Length: 41.3 inches (105 cm)</li></ul><p><strong>Size 2XL (US 16-18)</strong></p><ul><li>Waist circumference: 32.3 - 58.3 inches (82 - 148 cm)</li><li>Leg Length: 41.3 inches (105 cm)</li></ul><p><strong>Size 3XL (US 18-20)</strong></p><ul><li>Waist circumference: 34.6 - 62.2 inches (88 - 158 cm)</li><li>Leg Length: 41.3 inches (105 cm)</li></ul><p><strong>Size 4XL (US 20-22)</strong></p><ul><li>Waist circumference: 37 - 66.1 inches (94 - 168 cm)</li><li>Leg Length: 41.3 inches (105 cm)</li></ul>,3081,17307
"Wacoal Women's Body By Wacoal Underwire Bra (38C, Red)",Body by wacoal seamless underwire is sleek and modern,3009,20418
Alize Angora Gold Simli 5% Metallic 20% Wool 75% Acrylic Lot of 2 skn 200gr 1100 ydsYarn Thread Crochet Lace Hand Knitting Turkish Yarn (1 Cream),"Alize Angora Gold Simli 5% Metallic 20% Wool 75% Acrylic Lot of 2 skn 200gr 1100 ydsYarn Thread Crochet Lace Hand Knitting Turkish Yarn - SATISFACTION GUARANTEE - buy original crocheting yarn, check that you purchase from LIVLOREN seller",11192,9893
Trendy Retail Bike Carrier Block Adapter for Brompton Folding Bike Bag Mount Holder Red,"<p><b>Description:</b></p><p>This unique designed bracket fits for Brompton front carrier block.<br>Adapter size: 11 x 8 cm. Max Loading is 35kg.<br>Designed for Brompton folding bike, no bag frame needed.<br>Made of high-quality ABS PVC, durable and wear-resisting.<br>There are four holes on the plate, easy to install.<br>Convert your favorite small bag or basket into a bike bag.</p><p><b>Specification:</b></p><p>Material: ABS<br>Size: 11x2.5x8cm/4.33x1x3.15inch<br>Max Loading: 35kg</p><p><b>Package Includes:</b></p><p>1 Piece Bike Front Bag Carrier Block Adapter</p><p><b>Note:</b></p><p>Color might be slightly different due to the color calibration of each individual monitor.<br>Please allow slightly measuring deviation due to manual measurement.</p>",4788,4744
Generic Chiffon printed dupatta with Golden dots and Hangings for Girls and Women (White),"Fancy dupatta border golden Colour, light in weight Chiffon Printed Work Dupatta for Womens & Girls The Chiffon Dupatta is favourite for picnic, outdoor, travelling, cycling, dancing and stage performance. Use it as casual or formal wear for office, shopping, daily wear in home, college, family, meetings, festive occasions.work "" star zari on whole dupatta with jhalar lace. Fancy dupatta party Wear Fancy dupatta for women in chiffon The dupatta is made with Soft Chiffon fabric which makes it extremely light and comfortable. It is elegant in appearance and features a captivating charm.",2918,45812
GlobalNiche® Leather Car Key Case Cover for for d Fiesta MK7 ST Focus 3 MK3 MK2 Fusion Ka Ecosport Galaxy Escort Key Ring Car Accessories Color Name Red,GlobalNiche Leather Car Key Case Cover for for d Fiesta MK7 ST Focus 3 MK3 MK2 Fusion Ka Ecosport Galaxy Escort Key Ring Car Accessories Color Name Red,10350,17427
"The Mountain Bigfoot Adult T-Shirt, Brown, Small","<ul><li>Pre-Shrunk, Medium Weight, 100% Cotton</li><li>Relaxed, Classic Fit</li><li>Hand-Dyed and Printed Using Soft, Non-Toxic Water-Based Inks</li><li>Reinforced Double-Stitching On All Seams</li></ul>",2879,22723
"Protective Case Compatible with MacBook Air 11 inch Models A1465 & A1370, Plastic Hard Shell Cover Case & Laptop Sleeve Bag & Keyboard Cover for MacBook Air 11.6 inch - Pink Marble","Plastic Hard Shell Case & Sleeve Bag & Keyboard Cover Skin compatible with MacBook Air 11 inch models A1370/A1465</br></br> Laptop Cover Features :</br> - High quality case protects your device from scratches and abrasion.</br> - Precise cutouts allow full access to all ports and features; plug your charger, cable or headset without removing the case.</br> - The color-matching keyboard cover skin with soft and durable silicone material protect your device from dust, key-wear, liquid or daily damage. - Designed with two rows of ventilation at the bottom, allowing safe heat release.Four anti-slip silicone feet keeps your laptop firmly in place.</br></br> Protective Laptop Sleeve Features</br> - The laptop sleeve was made of high quality polyester material with soft touching, durable and life-time lasting.</br> - Features three layers' protection with waterproof layer, shockproof layer and fluffy fabric inner layer, the product can effectively absorb impacts and reduce damages caused by accidentally bumping, and protects your notebook from scratches.</br> - With one Laptop compartment and one zippered front pocket can hold many daily stuff, like cables, charger, mouse ect.</br></br> Installation</br> 1. Please find the 4 clips for top cover and 4 cilps for bottom cover.</br> 2. Please attach the bottom cover at the hinge location first, there are 2 clips to secure the back side of bottom cover.</br> 3. Gently push down the 2 side clips of bottom cover.</br> 4. To install the top cover,please attache the top cover at the hinge location first.</br> 5. Then gentley force to snap on the rest clips.</br></br> * Please contact Customer Service by email if you have any problems with the product before or after ordering.",712,46668
Trendy World Colorblock Round Neck Casual Boys & Girls Winter Sweater/Sweatshirt (Pack of 2),"This Trendy World comfy and stylish sweater will be a perfect addition to your champs wardrobe,style it with a jeans and sneakers for a cool look for him.",2697,1411
Replacement Timing Belt for John Deere M127926,"<p>★ Belt Application: Timing; Width:5/8&quot;; Length:70-7/8&quot;; 5/8&quot;x70-7/8&quot;<br> ★ Belt Type: Synchronous, 225 teeth<br> ★ Replaces OEM: John Deere M127926<br> ★ Fits Models: John Deere LT133 and LT155, Serial No. 125001 and lower; and LT166, Serial No. 095001 and lower</p>",2791,13502
"ASIAN Sneaker-03 Black Running Shoes,Sports Shoes,Stylish Casual Sneakers,Walking, Gym, Trekking, Hiking & Party for Men UK-6",Asian Presents To You One Of The Stylist Fashionista Shoes For Men,3236,43733
Chin: 3 Concertos,UNSUK CHIN:3 CONCERTOS,746,42213
Aqualens Moon Blue A-8065 Contact Lens Designer Case,"Why Aqualens Accessories? Perfect for Contact lens care products. Suitable for traveling or outdoor activity. Small and easy to carry, keeping your contact lens clean and clear. Great gift for yourself and your friends. Come with some necessary accessories for your contact lens: Solution Bottle, tweezers, mirror, Stick connection, and Lens holder box.",483,36825
"K-Swiss 201 Classic Tennis Shoe (Infant/Toddler),Black/Black,5 M US Toddler","K-Swiss 201 Classic Tennis Shoe (Infant/Toddler),Black/Black,5 M US Toddler",2449,27245
"Delta RP70256RB Shell H2O Body Jet, Venetian Bronze",Delta rp70256rb part body jet shell venetian bronze Delta rp70256rb Delta shell - h2o body jet rp70256rb parts other parts rp-trim part venetian bronze,10932,33397
YES2GOOD Luxury Mirror Stand View Flip Back Case Cover for Vivo Y30 Front & Back Clear View Smart Mirror Flip Cover for Vivo Y30 Mirror Flip Blue,"YES2GOOD Full Body Mirror Flip Cover With Stand for your device was designed with protection as well as user's lifestyle in mind. The case enhances the look of your device while providing optimum protection to the device against scratches, bumps and accidental falls. The flip cover protects the smartphone's screen when it is not in use and is easily flipped open for full access to the screen. The Mirror Flip Cover snugly fits onto the back of your device and guards it. The hot pressed microsuede interiors prevents scratches on the screen. Now easily protect your device without adding a lot of bulk. Features: True Luxury Metal Texture & Impact Resistant Dust & Debris Resistant Scratch Resistant 2-layer protection Lay on the Table Design: Raised Lip to Protect the Screen Perfect Grip for viewing content with ease Ribbed design for enhanced Grip & Control,(Sensor flip is not Working)",12064,46803
"Suitcase Music Box, Mini Music Box Clockwork Music Box for Children","Features: <br> This stylish and romantic gift is the most classic and interesting music box <br> Inside the music box there is a storage compartment and a jewelry box that can be used to store and organize your cosmetics, jewelries and other small items. <br> <br> No battery need, just twist the&nbsp;below clockwork&nbsp;by hand, and open the lid, it will give out elegant music melody; <br> As music plays, beautiful Ballerinas will dance, it is vividly, very interesting <br> A big square make up mirror inside top cover, while making up, listening to the wonderful <br> music, you will have a cheerful mood <br> High quality materials and unique design make a beautiful furnishing articles<br> <br> <br><br> Specification: <br> Material: plastic <br> Color: pink <br> Size:17.5*11.5*8.5cm/6.9*4.5*3.3in<br>Weight: Approx.364g/12.8oz <br> <br><br> Package list: <br> 1 x music box (ornaments inside are not included) <br> <br><br> <br>",5,33959
"Vinay Telescopic Drawer Channel 14 inches, Silver-1 Set","Fine movement telescopic full extension channel can be use in cabinets, Kitchen drawers, wardrobe, Keyboard Slide, sliding shoe rack etc",10187,41453
"Liakada Girls Argyle Supportive Sports Bra with Scoop Neckline Dance, Gym, Yoga, Cheer! Black",This sports bra top features contract criss-cross straps on the back and a scoop neckline for a clean finish.,2640,44148
One Piece Group SD Sticker Set Anime,"Sticker. Size (Approx.): ~2"" - 3"" Tall. Licensed Products.",924,20736
Sandylion Marvel Heroes Foldover Stickers,Avengers Foldover Stickers 2 Sheets-,6030,40052
Bhaicover® Compatible for iPhone 4 / 4S / 4G Har Har Mahadev Shivling Mobile Phone Back Cover Case Stylish Designer 3D Printed Hard Plastic Latest Accessory for Girls & Boys,"Unique product by Bhaicover Made with cutting edge sublimation printing technology, this polymer phone case by Bhaicover is capable of withstanding a lot of intensive use without suffering as much as a scratch. The only phone case for mobile model is intended specifically for and fits the dimensions of this phone while leaving almost no space in between. Very colorful design is making the cover visually impressive even from afar. Serious protection Despite a very thin profile and negligible weight, the case is much stronger than it looks at first sight and Bhaicover bend or break even if you drop the phone to the ground. Technical perfection Technical quality of case is off the charts, while worldwide delivery is lighting fast. Printing comes with a one-year warranty.",2201,8498
eneric Girl's Art Silk Semi stitched Lehenga Choli (FA_Blue_Party_Wear_01_Blue_Free Size),Shop From A Wide Range Of Beautifully Crafted Lehenga Choli From Eneric On Amazon. Pair It Up With Cute Accessories For The Next Family Function.,5994,21777
Sheets and Covers Cotton 220 TC Bedsheet (Yellow_King),WRAPRY Dress your bed in style with the versatile and attractive range of King Size Double bedsheets from Super Deals For Bed Zone . The 300 TC bed sheets feature traditional-themed Striped patterns in lively hues.Liven up your Bedroom With This Attractive Poly Cotton Stripes bedsheet. This beautiful bed sheet will not only add a dash of colour and vibrancy to your home but also will fetch admiration and compliments. Bring home this beautiful bed sheet from the house of Sheets & Covers Today and get ready to mesmerise one and all. Made in India Product in best Poly Cotton Quality at low Offer Price.,12083,35137
"ROY Enterprise Plastic Measuring Spoon and Cup Set, 8-Pieces (Black, Pack of 1)","<ul><li>Comprehensive Cup and Spoon Set Whether it's trying a new recipe or baking an elaborate cake for your loved ones, a good set of spoons and measuring cup plays an indispensable role in your kitchen space.<br></li><li>CookTools set of plastic measuring cups and spoons is made from high quality plastic and is ideal for a wide variety of cooking purposes in your everyday life.<br></li><li>Featuring a set of 4 measuring cups in capacities ranging from 60ml to 240ml and 4 spoons with capacities from 1.25ml to 15ml, it is a comprehensive solution to your needs.<br></li><li>Smartly Designed for Everyday Use Featuring an ergonomic design with hands that are constructed for both left and right-handed use, the Master Royal BackNCook Tools 8-piece plastic measuring cups and spoons set is perfect for all kinds of use.<br></li><li>Furthermore, as they are easily stackable onto each other, storage of this set is a hassle-free process.<br></li><li>From baking cakes and other desserts to cooking a complicated recipe, this set of spoons and measuring cups is your ideal companion.<br></li><li>Easy to Clean and Maintain Made from high quality plastic, the Master Royal BackNCook Tools plastic measuring cups and spoons set is easy to maintain.<br></li><li>As this set is dishwasher safe, you can easily clean them without fear of deterioration.<br></li><li>Manual wash is also a simple affair as all you need is a liquid soap solution to keep them looking new for a long time.</li></ul>",1482,32195
Electric Clothes Lint Pill Fluff Remover Fabrics Sweater Fluff Ball Remover Household Supplies,"The electric lint remover is a nice tool for clothes to remove fluff ball while not damage the clothes. <br /> <br /> <b>Specifications:</b><br /> Material: ABS<br /> Plug Type: 2 types (optional)<br /> Power: 3W<br /> Working Indicator: Red<br /> Item Size: 150 * 125 * 63mm / 5.91 * 4.92 * 2.87in<br /> Package Weight: 280g / 9.88ounces<br /> Package Size: 180 * 130 * 80mm / 7.09 * 5.12 * 3.15in<br /> <br /> <b>Note:</b><br /> There are 2 kinds of plug types for your choice, please choose one suitable for your country.<br /> Avoid pressing heavy, to prevent damaging clothing.<br /> Do not use on dressing clothing.<br /> Be sure to use the floss protection cover when using on clothes with long hairs.<br /> <br /> <b>Packing List:</b><br /> 1 * Electric Clothes Lint Pill Fluff Remover<br /> 1 * Brush",1739,19507
"Gossard Women's Glossies Thong, Nude, Large",The Gossard Glossies Sheer Thong 6276 features diamond-patterned detailing along the top. Made of nylon/elastane. Gossard's Glossies Sheer Thong is made of nylon/elastane. Designed to match Gossard Glossies Sheer Bra 6271.,0,21260
"PERRI'S LEATHERS LTD - Blue Lightning Polyester Guitar Strap Bundle with FREE BONUS 3 Medium 0.71mm Guitar Picks, Leather Acoustic Adaptor, 4 Strap Locks & Shoelace",This package includes - 1pc of our Flame Polyester guitar strap - 4pcs Rubber Strap Locks - 1 Acoustic Adaptor - 3pcs Matching Guitar Picks - 1 Nylon Shoelace For Strap Attachment,12641,24816
"Wamika Beautiful Sunflowers Placemats Wood Board Fall Autumn Table Mats Non-Slip Washable Heat Resistant Place Mats for Kitchen Dining Decor 12"" X 18"" Set of 6","<b>Occasion:</b> Great for dinner parties, housewarming, birthday celebrations, entertaining and family gatherings. They can be used indoor and outdoor. Use them in your home, garden, office, cafe, party house, restaurant, bar, hotel.<br><br><b>Material:</b> Environmentally friendly, durable and long lasting polyester. no dye substance harming health of your family. Colors won't fade thanks to new digital printing methods.<br><br><b>Usage:</b> It is a perfect gift idea for your wife, husband, best friend, mom, dad, sister, brother, grandma, colleague and all other beloved ones with many of surprising designs.<br><br><b>Note:</b> The digital images we display have the most accurate color possible, however due to differences in computer monitors, please allow little color difference.",1346,45850
"Dynamic Sales Manual Hand Finger Digital Counting Machine, Mantra Jap Count Machine, Cricket Umpire and Various Use (Multicolor)","<p><i><strong>Brand Name :- Dynamic Sales</strong></i></p><p><i><strong>Instructions :-</strong></i></p><ul><li>Portable Rotating Prayer Beads With Digital Counter.&nbsp;</li><li>Scroll count and low-noise operation. Scroll down the thumb to start counting with the smooth roller.&nbsp;</li><li>Mini sized counter is light weight, so it is easy to carry.&nbsp;</li><li>With Statistical reading, automatic power off and the counter can be cleared to zero</li><li>It is made of ABS plastic material with good resistance to falling, durable material.</li></ul><p>&nbsp;</p>",3878,43350
AmHoo 2 Panels Embroidered Leaf Pattern Semi Sheer Curtains Foliage Floral Voile Window Draperies Treatment for Bedroom Living Room Rod Pocket White 53 x 84 Inch,"<b>AmHoo Leaf Embroidered Sheer Curtains <b>If you're looking for a curtain that adds elegance to your room, this is the curtain for you!<b><b>1.Style:<b>Leaf pattern , a contemporary look,an elegant addition to your home<b>2.Fuction<b>Rich textured look semi-sheers enhance privacy, but still lets some natural light in.<b>keep the room comfortably tranquil<b>Add a fresh accent and create a natural elegant look for your home<b>3.Package:<b> Include 2 Panels",1641,9973
Camera Lens Protector for Vivo X60 (Pack of 2) With Free Cleaning wipes,<p><strong>[Benifits]</strong></p><ul><li>Reliable Protection from Drops.</li><li>Reliable Protection from Scratches.</li><li>Easy Way to Maximize Resale Value.</li></ul><p><strong>[Product Features]</strong><br>&nbsp;</p><ul><li>Anti Glare</li><li>Scratch resistance<br>Bubble free application</li><li>Original screen brightness<br>Rounded edges to prevent any cut over your finger</li><li>High oleophobic coating for antifingerprint property</li><li>Extreme clarity and responsiveness</li></ul><p><strong>[Kit Contains]</strong></p><ul><li>2 Camera Lens protector</li><li>1 Wipes Kit ( Dry &amp; wet wipes)</li></ul><p>&nbsp;</p><p><br>&nbsp;</p>,2211,4278
"Hand Control Valve, 1pc MOV-01 2-Position 2-Way G1/8 Hand Control Air Pneumatic Mechanical Valve Air Valve","<p> <b>Features:</b></p>This is a hand controlled pneumatic mechanical valve of good performance and durability.<br> Hand movement operation type, convenient to use, 2-way 2- position type, G1/8 female thread.&nbsp; Easy to install fit for controlling diaphragms of larger valves or small cylinders or any pressure system that is alternatively pressurized and exhausted. Black plastic knob switch is convenient to adjust.<br> The hand control valve has simple structure, small size, easy installation and maintenance.<br> <p> <br> </p><p> <b>Specifications:</b></p><p> Model: MOV-01 </p><p> Material: Metal </p><p> Nominal Pressure: 0.1~0.8Mpa </p><p> Suitable Pipe Size: G1/8 </p><p> Used for: Control air pipeline </p><p> Connection Type: Thread </p><p> Pressure Environment: Normal pressure </p><p> Operating Temperature: Normal temperature </p>Type: Straight<br> Flow Direction: Single-direction<br> Form: Plunger valve<br> Weight: 105g(approx.)<br> <p> <br> </p><p> <b>Package Includes:</b></p><p> 1 x Valve </p>",9701,31774
GEZICHTA Car Roof Hammock Car Bed Rest Cargo Net Sunshade ​for Jeep Wranglers YJ TJ JK JKU JL JLU 1987-2019(Black),"Car Roof Hammock Car Bed Rest Cargo Net Sunshade for Jeep Wranglers YJ TJ JK JKU JL JLU<br />Features:<br />1. Application: The car roof hammock fits for YJ, fit for TJ fit for JK, fit for JKU fit for JL fit for JLU 1987-2019 etc.<br />2. Size: The overall length is 152cm/60inch and width is 53cm/21inch, it can be used for kids and adults.<br />3. Material: Made of oxford cloth, durable, light-weight and can bear the weight of an adult<br />4. For relaxing: Lie down and rest on the car, makes you melt into nature relax for a while after the busy work for a long time.<br />5. Easy to install: No drilling and no cutting requested, reinforced seam and widen hook and loop tape band can hold it well <br />on the top of car, without danger of falling.<br /><br />Specifications:<br />Material: Oxford cloth<br />Color: Black, Red<br />Size: (Approx)(LxW)109x53cm/43x21inch<br />Overall length: (Approx)152cm/60inch (With hook and loop tape band)<br /><br />Package Included:<br />1 x Car Roof Hammock<br /><br />Note:<br />1. Due to the light and screen difference, the item's color may be slightly different from the pictures.<br />2. Please allow 0.5-2 cm differences due to manual measurement.<br />",7497,24774
arythe Romantic LED Light Valentine's Day Sign with Suction Cup Wedding Decor Marry Me Warm White,"<p><b>Description:</b></p><p>Perfect LED &quot;LOVE&quot; / &quot;Marry Me&quot; Letter Light, represents love, a romantic gift for for lovers on Valentine Day.<br>High-quality suction cup, lasting adsorption on surface! <br>Made of acrylic, durable and safe. Powered by 3x AAA batteries (not included).<br>Suitable for decoration of Christmas trees, cabinets, rooms, courtyards, etc.<br>Perfect for photo props, wedding, proposal occasion, table centerpiece, party, Christmas, Valentines Day, anniversary, etc.</p><p><b>Specification:</b></p><p>Material: Acrylic</p><p><b>Size Chart:</b></p><p>Size: 30x10.5cm/11.81x4.13inch</p><p><b>Package Includes:</b></p><p>1 Piece LED Light</p><p><b>Note:</b></p><p>1. Please allow slightly error due to manual measurement.<br>2. Due to the difference between different monitors, the picture may not reflect the actual color of the item.<br>3. Wish you a wonderful on-line shopping!</p>",1672,28953
Valentino CALIFORNIA-52A Men Lace-Up Formal Shoe Brown,This product is made from CW Leather material on the inside and outside to make it most comfortable and durable. It's features Polyurethane (PU) Sole Lace-Up Closured is designed to be used as formal wear footwear. The key to any well-dressed men is to find the perfect shoes. Find yours from the latest collection of formal shoes by feet away. The shoes are designed to take you through the work week and into the weekend revelries with style. the footwear that suits your personality Our footwear are made with quality material Important Features:- It can be worn on all your Formal or party wear or as well as any occasions,3246,10152
GOYAL Office Chair Study Work Table with Iron Frame & Wooden TOP with Sunmica Size 2 * 1.5 * 2,GOYAL Office Chair Study Work Table with Iron Frame & Wooden TOP with Sunmica Size 2 * 1.5 * 2,5486,24347
"BOMAROLAN Vintage Artificial Peony Bouquet Silk Flowers, Pack of 1 Fake Flowers Home Party Festival Decoration(Dark Pink)","<b> GORGEOUS FLOWERS, EXCELENT QUALITY </b> <br><br> The color and the flowers were very realistic. They would make beautiful bouquets and centerpieces. The material has some plasticity so you can move the petals and bend the stems, it much better than plastic and last longer than real peonies. They look so gorgeous! <br><br><b>Great for: </b> <br><br>Table top bouquet, bedroom dresser, table centerpieces, kitchen, dining table, living room, office table, window sill, dining room, birthday, wedding anniversary, family party decoration. <br><br><b>Specification</b><br><br>A bouquet of peony contains 6 blooming peony (flower head about 4 inches in diameter) 2 peony buds (about 2 inches in diameter) 3 water accessories and 2 groups of hydrangea foam fruit<br><br><b>Material: </b> quality silk flower and flowers stems have wires inside<br><b>Length: </b>20 inch<br><b>Total Weight: </b>6.3 OZ<br> <b>Package Quantity: </b>1 bunch of artificial peony(Not Include Vase) <br><br> <b>Tips: </b> <br><br>1. The stems are made of environment-friendly material plastic, it is realistic and durable, which is easy to clean. <br><br>2. There would be accumulated dust if you put it in a place for very long time. You can use the hair dryer with cold wind to remove the dust. <br><br>3. It can be washed by water and then blown dry with a low temperature blower. <br><br>4. Do not put peony in the water for a long time, especially in hot water, otherwise the leaves will be withered. <br><br>5. Due to the influence of light, the actual color may be slightly different from the picture on the website. But it does not affect the aesthetics of the product. <br><br><b> Artificial flower is the best choice people who may allergic to flowers. It will become your happy flower which will make you smile every day. It does not cost too much and can fit well with different furniture. </b>",7284,28106
"Flash Furniture Small Rustic Natural Home Office Folding Computer Desk - 36""",A perfect addition to your interior decor. Made of sturdy and durable material and has a long lasting finish.,5486,23701
Melamine Coffee/Tea/Milk Pot 450 ml,High Quality Melamine Coffee /Tea /Milk Pot for Bedside Use. 450 ml Holds apporximately 2 cups .,1291,46120
"ZURU BUNCH® Rainbow Color Cup LED Flashing 7 Color Changing Light. Pour Water or Tea, Lighting Cup, Easy Battery Replace Glass (250 ml)","Zuru Bunch LED Flashing 7 Colours Changing Liquid Activated Mug. cup is environmental protection transparent shine cup when pour into liquid (water, beverage, beer, etc) , it will light up and flash immediately, very magical, suitable for celebrate, party, bars, gifts and so on. Water induction cup, if no water in the cup, it will not light up. Suitable for: bar, discos, restaurants, leisure, party, friends gifts, etc. Power: button cell X 2 (included). To Replace Batteries: Unscrew the battery compartment door located on the bottom of the base, place new batteries in the battery compartment and screw on the battery door.",1396,1858
"Aditya Sign Toilet Sign Board for Office, Home, Industry, Public Places, Railway Station, Hospital GNS-12528","<p><strong>About Our Brand&nbsp;</strong></p> <p><strong>Aditya Sign</strong><strong>: we are Specialist for all sign stickers, Sticks to just about any smooth clean surfaces.&nbsp;</strong></p> <ul> <li>Flexible Rigid Light Weight Dust Proof</li> <li>Cold Resistant Water Resistant Thermal Resistant</li> <li>Pre-printed on 3 mm thick foam board</li> <li>Comes pre-mounted with a strong adhesive backing (thin, sturdy double-sided industrial tape)</li> <li> good Vinyl Printing Material With Glossy or Matt Lamination and pasted on 3 mm Foam Sheet with Back side Two Sided Adhesive tape so easy to installation at clean Surface</li> </ul>",5274,16879
"Women's Sun Uv Protection Driving Gloves Touch Screen Cotton Anti-skid Gloves (One Size, Dark Pink Lace New)","<b>These great sun UV protection gloves are a fantastic way to protect your hands from the harmful sun rays while keep you looking feminine and attractive. Start using these gloves to keep the sun rays off your hands now, so to prevent those tell-tale ""age spots"" from appearing.</br> These gloves are made of thin, breathable material that will keep your hands from getting hot and sweaty while allow a secure feeling when you are driving,Cycling,Fishing,Golf,Jogging,Climbing and any other outside activities.</br></br> Service:</br> Our goal is to keep our customers beyond satisfied. If this was not the case,we would appreciate it if you could give us a chance to address your concerns before feedback.We promise provide a satisfied solution. </b>",2950,4310
NOHUNT Multipurpose Vegetable and Fruit Chopper Cutter Grater Slicer (S.S Grater),"Stylish Household Grater in Red Cooking is an art where you draw with taste and dress with colours. As the master of your kitchen, you deserve the right tools to express your creativity. It’s a grater, but not as you know it. Meet our user-friendly alternative to a traditional mandolin. Ergonomic, intuitive and utterly kitchen-savvy, our fruit and vegetable Grater scores as high on versatility as it does on safety.",13121,48282
"Appeasy Modern Indoor, Outdoor Square Flower Pot Stand/Plant Stand Floor Pot Stand for Home Garden Balcony Living Room Décor (Black, Set of 9 Pcs)","Give your home, deck, or balcony the perfect combination of classic style and natural beauty with this charming planter stand. Made of sturdy and durable metal with a matte black powder-coated surface, this stand suitable for hall, living room, garden, pool area, balcony, rooftop, flower shop. A perfect decoration tools to decorate home, garden, yard, patio, bar and more. When you're ready to bring organization and style to your indoor or outdoor space, this metal display shelf rack will help you do just that. (Height - 8 cm & Diameter - 36 cm - Set of 9)",5904,26046
Printed Back Cover for Lenovo A7,"Designer Back Case For Lenovo A7, provides protection by preventing your Mobile Phone from dust and unnecessary scratches. It is made to fit perfect",12064,42041
"KIDDY STAR Boys Fullsleeve Hockey T-Shirt, Pack of 1, Yellow,FS-237, 9 to 10 Years",Make your kids style up with this trendy tshirt from KIDDY STAR and wear it with their favorite pair of jeans and sneakers. The perfectly cut and stitched sleeves neither lag nor squeeze the shoulders.Pick the perfect size for your little ones.kiddy star boys fullsleeve t-shirts with hockey prints.,2703,15160
Floor Mats Compatible With 1998-2006 BMW 3 Series E46 | Nylon Black Let Right Front Rear 4PCS Set Carpet By IKON MOTORSPORTS | 2005 2004 2003 2002 2001 2000 1999,FIT FOR:<br> 1998-2006 BMW 3 Series E46 2Dr 4Dr<br>IMPORTANT NOTE: ITEM WILL ONLY FIT OEM BODY STYLE UNLESS OTHER SPECIFIED<br>INSTRUCTION NOT INCLUDED<br>PROFESSIONAL INSTALLATION HIGHLY RECOMMENDED<br>TEST FITTING IS REQUIRED TO ENSURE FITMENT.,7254,4283
"Purity Products Green Tea CR, 60 Vegetarian Capsules (Green Tea + Curcumin + Resveratrol)","GREEN TEA CR = The Power of Green Tea + Curcumin + ResveratrolWith Green Tea CR you get the power of premium quality Green Tea along with the joint boosting benefits of BCM-95 BioCurcumin plus Resveratrol for healthy aging.* Green Tea CR (designed by Chris Kilham, the Medicine Hunter) also fortifies the body's antioxidant defenses with Grape Seed extract, Pine Bark extract, Ellagic Acid, and Citrus Bioflavonoids.The Power of Green TeaGreen Tea is one of the world's most beneficial botanicals. Green tea leaves contain natural compounds called polyphenols that have been heavily researched in scientific journals. Green tea polyphenols include catechins. One catechin, EGCG, has demonstrated high antioxidant activity. The Green tea showcased in this formula delivers a high 50% EGCG content with less than 1% caffeine.Not Just Any Curcumin - BCM-95 BioCurcuminCurcumin is an extract from the superfood Tumeric. Curcumin has an impressive portfolio of clinical studies demonstrating its benefits for healthy cells, joint comfort, brain support, liver support, healthy detoxification and more.* BCM-95 BioCurcumin is well-researched and noted for its bioavailability.The Benefits of ResveratrolScientific investigation about Resveratrol's importance for cardiovascular health has led to a deeper understanding of its extraordinary cellular effects. Resveratrol (also found in red wine) has been shown to interact with cell membrane receptors that maintain dynamic function of the cardiovascular system. Resveratrol appears to support a key enzyme that stimulates production of nitric oxide in blood vessel linings. This in turn promotes relaxation of blood vessels and healthy circulation.*Experience the power of three vital nutrients with Green Tea CR and see how healthy you can feel.",11765,12732
Sokotoo Men's Slogan Letters Printed Black Denim Bib Overalls Size 32,"CARE TIPS <br>1) Wash seperately, especially for the first time. <br>2) Add some salt in a tubful of cool water, soak the jeans for up to 30 minutes. It can help solid color. <br>3) Wash inside out. <br>4) Dry in shade.",2849,46551
"Helly-Hansen Mens Swift 4.0 Ski Jacket, 991 Black, Small","This feature filled resort ski jacket just became more comfortable, with a weatherproof 4-way stretch HELLY TECH fabric, and more connected, with the innovative LIFE POCKET to preserve your battery life.",2848,42294
"Zollyss Indoor Doormat Front Door Mat Non Slip Rubber Backing Absorbent Mud and Snow Magic Inside Dirts Trapper Mats Entrance Rug Machine Washable Bath Mat (1, Beige)",Add to the beauty of your interior décor with Practical and High Quality mats from Saral Home. From Decorative Doormats and Carpets to Functional Bathmats and Floor Runners each product is designed keeping your convenience in mind.,1616,46941
"Contact lens case, Grey, Portable,backpack,travel","FGDOK Contact Lens Case with Mirror, Tweezers and Remover Tool, Contact Container Storage Kit",485,45687
Sluban Building And Construction Blocks M38 B0311 Joint Attack Building Block Construction Set (996 Piece),This is a very high quality building brick set manufactured by Sluban. It is 100% compatible with all leading building bricks. Superb product for developing small motor skills with children over 5 years old. Made of ABS - the same material used by leading building bricks manufacturers. 996 Piece Set,0,10858
PrintDhaba GRANDbet K D-2538 Back Case Cover for BLACKBERRY Z10 (Multi-Coloured),"A case that offers protection to your BLACKBERRY Z10 without compromising on the style factor. Made from high quality polycarbonate material, this case is the perfect weapon needed to guard your BLACKBERRY Z10 from everything unwanted. Specifically designed for your BLACKBERRY Z10 it lets you to access all the features and functions of your phone with ease. This case is made with Hard Rubberized Plastic with 90% of times matte finish surface and in few rare models you will get Glossy Finish, this case is blank from inside and on the top we will print your design as per the order. Kindly note this case is made by PrintDhaba in India after you have ordered, do not cancel the order after placing an order, we will be designing this case only for you. Print will be permanently embossed on the case. There may be slight color variations in the final print. This case Covers full back side along with edges of your BLACKBERRY Z10 Note : This Case is Manufactured by PrintDhaba in India against your Order , there may be slight variations are possible because the technology which is used here to manufacture is heat transfer process , Colors & Image accuracy is possible upto 90% of virtual product displayed in the website. Kindly do not cancel the orders once placed. This print is permanent transfer and it is not removable, case is totally flexible. Package: 1 x PrintDhaba Premium Back Back Printed Case for BLACKBERRY Z10 . Thanks for placing order for your BLACKBERRY Z10",2201,6151
"Whey Protein Isolate 24g Protein Per Serve,990g - 30 servings (5 Flavors) (Cafe Mocha, 2 KG)","INNERFIX WHEY PROTIEN : ADVANCED WHEY PROTEIN ISOLATE & WHEY PROTEIN CONCENTRATE Whey protein is the most important weapon in your muscle-building arsenal, it promotes muscle growth, counteracts muscle breakdown, and supports your workout recovery. INNERFIX Whey Protein combines two hard-hitting types of protein in one powerful blend. It’s perfect first thing in the morning, between meals, and especially after your workout. Each Serving Delivers: 24g Protein",11672,39918
CityPostersPlus Kaptanganj Mouse pad,"We use the 3mm thick rubber in our mouse pads so that they are flexible and fun to use everyday. To give enough moving space for your mouse and desk space, we make the mouse pads in the size of 210 x 190 mm. Your mouse pad is not suppose to move with the mouse. So, we provide anti-skid rubber layer at the back for proper grip. Your mouse needs to move freely. So, the top layer of the mouse pad is a sublimation friendly cloth which gives it a satin finish.",578,40531
"Wild Bobby Straight Outta Cleveland CLE Fan | Fantasy Football | Mens Sports Long Sleeve T-Shirt, Black, Large","The Wild Bobby Brand has a variety of products that are suitable for any time. The sport section of these shirts offer a range of different themed ideas in all types of sports. Spread your passion and express yourself with a shirt from Wild Bobby Brand. Choose from multiple shirts, materials, fabrics and designs, these shirts are comfortable and long lasting. Wild Bobby is dedicated to creating novelty shirts that come in a variety of themes and colors. Their products spread joy and humor to all while providing comfort in the quality of their products. All shirts are made and printed here in the US. Recommended care for shirts is to wash in cold water inside out. There is often a variety of products from hoodies, crewnecks, men's women's and youth sizes and come in a range of colors. We love what we do at Wild Bobby, We press and ship each shirt in the US, We are passionate about creating new and eye catching designs, selecting the best types of shirts and fabrics and fusing the 2 together to create a quality shirt that you can be proud to wear! At Wild Bobby we care about you. We ship as fast as we can which is usually the same day. Wild Bobby is the brand that works around the clock to bring you the latest greatest graphics, trends, hot topics, on fashionable styles. Items for sale are not affiliated with or endorsed by any celebrities or public figures, is not associated with any existing intellectual property or trademark, and no infringement is intended and no endorsement is implied. All designs posted are believed to be posted within our rights according to the U.S. Copyright Fair Use Act. All rights reserved. Wild Bobby is the ONLY authorized seller of Wild Bobby brand items. These items and designs are produced EXCLUSIVELY for sale by Wild Bobby.",2879,11666
"Girgit Stainless Steel Cooking and Serving Spoon Set, Silver/Serving Spoon Set for Kitchen use/Buffet Serving Spoon Set for Dinning Table/Dinner Serving Set/Dining Table Serving Set/Set of (5)","Girgit Stainless Steel Cooking and Serving Spoon And Kitchen Tool Set of 8-Pieces, 10 Piece, 12 Piece, 15 Piece, 05 Piece, Silver Well designed to suit your comfort and convenience which is also quality made. Good for all types of kitchen. Almost a complete kitchen starter in cooking and serving spoons. This is a utilitarian product from petals made of stainless steel. It is a set of 8/10/12/15 /05 and is sturdy, user-friendly and durable.",1376,13186
Rhysley Hot Pink V- Neck Long Jumpsuit,This hot pink long jumpsuit is a must-have in your summer wardrobe. The jumpsuit is made of 100% moss fabric. It comes with a self fabric waist belt which looks magnificent. This jumpsuit gives a classy look to the wearer so that you can wear it to an outing or an evening party. One can accessories this jumpsuit with some earrings or a statement ring to amp it up. Pair it with your favourite shoes or heels and you are good to go.,2989,21000
"Generic Among Us Red Character Cartoon On Yellow Background Printed Designer Hard Back Case Cover for LG Q6 / Q6 Plus / Q6α, M700N, M700A, M700DSK, M700AN -(SN) RSV2030",This Case is Made up of Hard Polycarbonate Plastic and printed on all 3 sides of back cover. This cover protects your mobile from scratches and bumps. This printed case gives premier look to your mobile.,12064,46510
"Cellet 32GB Kodak C183 Micro SDHC Card is Custom Formatted for digital high speed, lossless recording! Includes Standard SD Adapter.","Cellet 32GB Kodak C183 Micro SDHC Card is Custom Formatted for digital high speed, lossless recording! Includes Standard SD Adapter. <p></p><p>This Factory Direct product is from the actual manufacturer. Authentic & original quality is how we deliver you a Customized 100% quality item, at a FRACTION of the retail cost!</p>",1848,45988
STORE99® iSteady GG2 3-Axis Gimbal Camera Stabilizer Support 3/3+/4/5 Session Xiaoyi AEE M10 One Piece,STORE99 iSteady GG2 3-Axis Gimbal Camera Stabilizer Support 3/3+/4/5 Session Xiaoyi AEE M10 One Piece,1875,27797
"wellxo- Crystal Glass Desert Ice-Cream Sundae Bowl | Serving Bowl | Pudding Dish- 7 Pieces (1 Mixing Bowl + 6 Serving Bowls), Clear","Exclusive and extraordinarily , these serving Tray & Platters are the gems for any kind of tableware, thanks to their exquisite design. Available in a beautiful hues, theese Tray& Platters are made from high-quality material which ensures long lasting use.Also they are Dishwasher & Microwave safe. The ranges vary from Mugs,Cup saucer,tray sets,Mugs,glassware ,dinner sets etc and never endling list goes on.An exclusive showcase for your Home and Kitchen setting. A one stop-shop for home Kitchen & dinning,",1383,2196
"GLYPTAL 6X6 100% Waterproof (Imported), Dust Proof and UV Ray Protection Car Body Cover Compatible for Audi q7 Facelift with Side Mirror Pockets (Green,Large,40X30X10 )","Explore a wide range of Car Body Cover from GLYPTAL on Amazon. It is a perfect accessory for your vehicle which has triple stitch technology that adds extra strength to the body cover.This Car Body Cover Is Waterproof,Rainproof,Dustproof,Snowproof and Also Protect Your Car From UV Rays.",7332,6826
The Bombay Store - Kathakali Cloth and Paper Mache Handpainted Dancer Male Doll with Wood Base - 9 cm x 15 cm x 33 cm,"Intricate and delicate, these miniature dancing dolls exhibit the excellent craftsmanship of artists from West Bengal. Made with cloth and papier-mâché, these colourful dolls are perfect for home decor and gifting. Inspired by India and it's diversity - Every piece has a story to tell! They are the perfect gift, be it any occasion or celebration. Explore the fabulous collection by The Bombay Store today. Designed exclusively by The Bombay Store. With it's rich legacy of 113 years, The Bombay Store brings to you authentic handicraft products from all across India",8490,19353
"Electric Drill, Black Portable Mini Drill DC 5V for Circuit Board","Features:<br> Mini size, light weight, easy to carry. <br> Powered by USB cable, convenient to use. With a switch on USB cable for easy control. <br> Made of high quality material, sturdy and durable in use. <br> Cylinder drill body is comfortable to hold. <br> Mainly be used to drill wooden board, plastic board, paper sheet(thickness within 10mm); aluminum board, circuit board(thickness within 10mm). <br><br>Specification:<br>Condition: 100% Brand New<br>Material: Metal + Plastic<br>Color: Black<br>Power Supply: DC 5V<br>Rated Output Power: 18W<br>No-load Speed: 11000rpm<br>Suitable Collet Range: 0.7-1.3mm<br>Drill Length(not included the drill bit): approx. 110mm / 4.33inch<br>Drill Diameter: approx. 30mm / 1.18inch<br>USB Cable Length: approx. 1.95meter / 6.40inch<br>Weight: approx. 119g<br><br>Package Included:<br>1 x Electric Drill with USB Cable(adapter is not included)<br> 3 x Drill Bits(1.1mm in diameter) <br> 1 x Wrench<br> <br><br>Note:<br>1. This product is not suitable to drill these material, such as bodhi, thick metal, wall and stone.<br>2. There may be some error in drilling precision.&nbsp;<br>3. USB adapter may exist incompatibility.<br>4. It can not be connected to grinding or polishing machine.<br> <br>",9927,49600
"BINGRAN Vodafone Smart E9 Case,Smooth Lustre Texture PU Leather Iron Magnetic Buckle Flip Cards Slot Wallet Soft TPU Inner Stand Protective Cover Case for Vodafone Smart E9 Brown","Features:<br/> 1.Premium leather outside and silicon material inside will give your cellphone full protection. <br/> 2.eparate slots for your ID and cards, as well as a pocket for cash <br/> 3.With built-in fold stand design for free hand view, freely enjoy videos and movies.<br/> 4.Integrated magnet closure preventing the flap from moving around as well as protecting the screen<br/> 5.Classic flip case book style,easy operation,easy access to all buttons,ports & camera without removing the leather case.<br/> Package Included<br/> 1 X PU Leather Case for Vodafone Smart E9",12058,28872
GlobalNiche® 4 Buttons Silicone Remote Key Case 4 Colors Universal Car Key Cover for TOYOTA Corolla Camry 2012-2018 Color Name Pink,GlobalNiche 4 Buttons Silicone Remote Key Case 4 Colors Universal Car Key Cover for TOYOTA Corolla Camry 2012-2018 Color Name Pink,10350,37830
"BCBGMAXAZRIA Women's Alpine Faux Suede Knit Pencil Skirt, Blue Depths, S","Color/pattern: blue depths. Approximately 26in from waist to hem. Measurement was taken from a size small and may vary slightly by size. Design details: faux suede design, elasticized waistband. 89% polyester, 11% spandex. Machine wash. Imported",3047,7991
"The Design Cart Blue Square (10*10) 2 Hole Acrylic Stones for Artificial Jewelry Art Making,Designer Dress Material, Bangles Making,Size-10 mm * 10 mm,Pack of 100 Gross / 14400 Pieces","These acrylic stones can easily be sewed on fabric, bags and shoes to create intricate designs. Acrylic is a versatile material that is used to create unique designs. It is a durable material that has high resistance and does not develop cracks. They are faceted and reflect a huge amount of light. They are used in embroideries and on high fashion garments. Acrylic stones are available in various shapes and sizes. They are made up of premium quality materials and are affordable. Acrylic stones can also be used on jewelry pieces and can be glued over various accessories like handbags and footwear.",11209,21842
GlobalNiche® 1Pc Sealing Cover Stacked Freezer Fresh Lid Crisper Microwave Oven Oil Cap Lids Refrigerator Lid Sealing Cover Plate EJ871800,GlobalNiche 1Pc Sealing Cover Stacked Freezer Fresh Lid Crisper Microwave Oven Oil Cap Lids Refrigerator Lid Sealing Cover Plate EJ871800,1283,3230
Eyeglasses Montblanc MB 0067 O- 004 / Black,"Mont Blanc MB0067O prescription-ready eyeglasses includes the Mont Blanc logo on the temple. This Mont Blanc MB0067O metal full rim rectangular shape eyeglasses made for men. Masculine rectangular squared shape characterized by rubber co-injected temples enriched with the iconic Extreme pattern inspired by Montblanc’s eponymous leather goods. The frame’s sporty touch is emphasized by the sharpness of the endpiece and a more pronounced anti-slipping exploded snow cap pattern in the internal part of the end tip. Real snow cap on the temple, surrounded and embellished by a metal ring.",2798,13334
REDHORNS Stylish Genuine Leather Wallet for Men Lightweight Bi-Fold Slim Wallet with Card Holder Slots Purse for Men (ARD351R6_Tan),"REDHORNS Men's wallet is neatly designed and made with soft and firm genuine leather and twill fabric on the inside. You will feel the softness on your hand and it will never be a hard leather product. Made of exclusive high-quality soft leather. This Formal Vintage Leather Wallet Comes with 1 Main Compartments, 2 ATM Card Slots, 1 Coin Pocket with Snap Closure. The multiple compartments keep everything organized and secure while looking stylish and elegant. This stylish bi-fold leather wallet comes with a premium gift-packed box which can be offered as a perfect gift for Valentine's Day, Birthdays, Anniversaries, Christmas, Father's Day, Groomsmen, and any other special occasions. This Bi-fold leather men's slim wallet has a snap button closure to keep your important card and currency very secure.",3465,45897
Elegant Royal Carpet Black and Red Custom Fit 7D Car Mats Compatible with Hyundai I10,"Designed for elegance and made with precision, Elegant 7D mats will give your car interiors a bold luxurious look! These mats give unparalleled protection for your car floor carpet. They have two layers of mats - The designer base mat, made of PVC has the high reinforced edges with exclusive diamond quilt. It comes with easy clean coating that makes it easy to clean. Anti skid backing is also provided that does not let the mat slip or slide while driving. In this base mat, a unique grass mat is placed that traps all the dirt. It has a grass-like finish and is very durable. It is attached to the base mat with the help of clips and can be easily removed for cleaning. This mat is 100% waterproof and is made in so that it does not get stuck in the accelerator or the break so you have a stress free drive each time!",7488,34656
Bridion Hard Plastic 3D Printed for Realme C12 Designer Flower Multi Colour for Girls & Boyss Printed Back Cover for Realme C12,"Give a new style to your phone with this designer cover from the house of Bridion Mobile Accessories. This cover has been designed to be used onRealme C12 1 smartphone. Made from plastic, this solid back cover has a sturdy and attractive design in multy color.",12064,8319
UbrosNetwork Vivo Y20A Leather Flip Cover | Shockproof | 360 Protection | Wallet Style Magnetic Closure Back Cover Case for Vivo Y20A (Black),"<p><b>DESCRIPTION:</b><br><br>UbrosNetwork Cases &amp; Covers fall into some of the most sought-after phone cases &amp; covers in the market. These covers are manufactured with the use of Top-Grade material &amp; technology resulting in products with impeccable finishing &amp; quality.<br><br><b>Classic Business Styling</b><br> This Cover is Designed in a Timeless Classic Business Style matching the Personality of both Men and Women Perfectly. <br><br><b> Top Quality Material </b><br> This Case is Made with Premium High Quality PU Leather Material to ensure Excellent Finish and Long Life. <br><br><b>Camera &amp; Screen Protection</b><br> Smartly Designed Case has Camera Bump and Front Flap to keep the Camera &amp; Screen from Scratching or Touching the Surface. <br><br><b>Hands-Free Optimized</b><br> It can be folded like a stand which allows you to have your hands free while watching videos, reading news etc. <br><br><b>Built-In Pockets</b><br> Built-in card slots and money pouch keep all of your daily essentials perfectly organized. <br><br><b>Magnetic Closure</b><br>The case can be easily and securely closed and snapped in place, thanks to the strong magnetic clasp to keep your important items safe and secure in one place.<br><br><b>Complete 360 Protection</b><br>For complete peace of mind, this flip cover provides Excellent Shock-Absorption &amp; Complete 360 Degree Protection from all 6 Sides. <br><b><br> Great Grip</b><br> Provides an excellent grip due to which your phone would feel fully secure in your hand.<br><br><b>Compatibility: Specially designed for Vivo Y20A only</b><br><br>UbrosNetwork Disclaimer: The picture/s used are for illustration purpose only. Actual product may vary slightly as per the respective phone model &amp; design. Phone shown in the picture is not part of the sale offer.</p>",12057,20025
Pikkme Samsung Galaxy J5 Prime Back Cover Case | Designer Printed Hard Cases & Covers for Samsung Galaxy J5 Prime for Girls/Women (Cute Leaves White),"Pikkme Samsung Galaxy J5 Prime Back cover is best hard matte designer case you will ever get. The designs we provide for your phone are just awesome and out of the box that will make your phone say something. Samsung Galaxy J5 Prime covers & cases made by pikkme uses high quality poly-carbonate material which provide it sturdy grip and matte finish and the best part is that we use Korean-ink technology sublimation printing technique to print these cases which the print quality superior , premium and we take guarantee that it will never fades away. These cases and back cover for Samsung Galaxy J5 Prime are best suited as a gift to your loved ones.",12064,22851
"NATVVA 3 Pieces Cabin, Reindeer and Snowy Forest Trees Wall Art Prints Winter Wonderland Posters Canvas Painting Artwork for Living Room Bedroom Decor with Inner Frame","<b> Does every room in your home seem to be furnished the same way?Are you looking for a special art to decorate your space?</b><br> <p>NATVVA is a manufacturer of canvas printing, inkjet prints, and personalized photo custom prints with rich experience in this field.</P> <p>You can enliven with an array of vibrant colours or muted hues from NATVVA that complement your lifestyle or the mood you wish to create. Unique design and deep colors give your rooms an extraordinary character.</P> <b> Wall Decor: </b><br> <p>➢Perfect choice for wall decor such as living room, bedroom, guest room, bathroom, dinning room, meeting room, hallway, nurseries, coffee house, condo house, hotels, inn, Spa, Lounge, Sauna and other spaces of home, office, business, reflection and relaxation.</P> <b>Perfect Gift Idea: </b><br> <p>➢ For wedding, anniversary, thanksgiving, christmas, mother's Day, father's Day, valentine, birthday and others.</P>",6548,38713
"OSCARBIDE 18mm Carbide Inserts Cutters for Woodturning Round Cutter Replacement (Dia-18mm X 3mm-Thickness-30 Cutting angle) for Hollowers Finishers Wood Lathe Turning Tools, Pack of 10","<p>Description:</p> <p><b>Brand:</b>&nbsp;OSCARBIDE</p> <p><b>Material:</b>&nbsp;Solid&nbsp;tungsten Carbide&nbsp;</p> <p><b>Shape:</b>&nbsp;Round&nbsp;&nbsp;</p> <p><b>Diameter:&nbsp;</b>18mm</p> <p><b>Thickness:</b> 3.0mm &nbsp;</p> <p><b>Angle:</b> 30 degree</p> <p><b>Hole:&nbsp;</b>one countersink hole</p> <p><b>Priced per pack.</b> Sold in boxes of 10.</p> <p><b>More Features:</b></p> <p>1.&nbsp;Ideal for giving you a smooth finish on curved, concave surfaces,hollowing jobs and for general turning applications</p> <p>2.&nbsp;Cutter rotates give you numerous fresh edges without sharpening</p> <p>3.&nbsp;Compared with steel the solid carbide stays sharp for longer</p> <p><b>We can also provide you other high quality carbide inserts</b></p> <p><b>Round Insert: 8.9mm,11mm,12mm,15mm,16mm,18mm</b></p> <p><b>Square Insert: 10.5mm,11mm,14mm,15mm</b></p> <p><b>Diamond Shape Insert: 10mm x28mm</b></p> <p><b>With different thickness, cutting angle, radius,sharp,can meet you various need for good experience in woodworking or woodturing,If you need other products&nbsp;please search OSCARBIDE on Amazon . Thanks for your interest in our products. Any query, please feel free to contact us.</b></p>",9726,9466
"Veer ji Collection Men's Ankle Length Rubber, Cotton Socks Multi colour (Set of 6)",Made with soft & ultra-breathable Combed Cotton,2861,31000
Khadims Men Black Slip-On Shoe - UK 9,"Khadim’s combines comfort and durability with modern elegance. Ideal for everyday wear in a variety of situations in and around home or office, a pair of Khadim’s on your feet gives you that extra confidence to take you through a gruelling day with great ease. Supremely cost-effective and of durable quality, Khadim’s gives you an unmatched value-for-money experience. :: Key Features / Upper Material: Synthetic / Sole Material: Airmax / Occasion: Formal / Utility: Office Formals / Closure: Slip-on / Toe Style: Closed / Shoe Style: Slip-On / Shoe Type: Shoe / Care Instructions: 1. Use a soft shoe brush to remove dust/loose dirt. 2. Remove stains using stain removers. 3. Do not wash with detergent or in washing machine. 4. Allow your pair of shoes to air and de-odorize at regular basis. 5. Use shoe bag to prevent any stains or mildew",3246,46664
2022 Boston Calendar: Baseball Schedule Included!,"Show your city, state and baseball pride with this unique 12 month Boston calendar including holiday themed photos. Baseball schedule included! Made for the Red Sock fan!",5096,41746
"Vibedration Fanny Pack | Fashion Waist Packs for Travel, Festivals, Raves | Everyday Belt Bag for Women, Men, Kids (Plaid Out)","Vibedration’s stylish waist bag is lightweight and functional, designed to keep you looking fashionable at music festivals, raves, tailgates, hikes, adventures and more! Need to travel light and look awesome while doing it? Made for guys and girls alike, our boho fanny pack is the perfect accessory for you! The supreme fanny pack on the market, featuring two large zipper pockets for organizing your gear, Vibedration’s cool fanny packs come complete with an adjustable webbed belt and buckle closure for a comfortable fit. Hold all the essentials that you need to keep you going all day (or night) long in one place! Don’t want to put your phone or wallet in your pocket? No problem! Keep it securely fastened around your waist with this high-performance fanny pack. With a back pocket designed to conceal valuables, Vibedration’s sling packs keep your stuff secure! The best fanny pack on the market, Vibedration waist packs are great everyday accessories and perfect for festivals, hiking or outdoor activities. #LifesAPartyStayHydrated",3417,45935
APHISON Wallets for Women Card Holder Zipper Purse Phone Clutch Wallet Painting Wristlet with Wrist Strap/Gift Box,APHISON Wallets for Women RFID Blocking Zipper Purse Card Case Wallet Phone Clutch Cartoon Style Wallet With Wristlet for Ladies/Girls Gift Box 684-1346,3466,27419
"BERN - Heist Snow Helmet, MIPS Matte Slate Green, Small","We married two technologies to make the ultimate head protection love-child. The innovative Dual Shell Integration (DSI) construction combines the lightweight properties of our Zipmold+ and PVC lower shell, with the durability of an ABS top shell. Designed with safety features like EAR (Energy Absorbing Ribs) for greater impact dispersion and Aluminum Shields for added durability. Not your typical hybrid species, the Heist is in a class of its own.",4662,36489
